Name;ISIN;Symbol;Market;"Trading Currency";Open;High;Low;Last;"Last Date/Time";"Time Zone";Volume;Turnover
European Equities03 Dec 2020All datapoints provided as of end of last active trading day."2020 Bulkers";BMG9156K1018;2020;"Oslo Børs";NOK;60;60;56.4;58.8;"03/12/20 16:19";CET;28292;1661509.4
"5th Planet Games";DK0060945467;5PG;"Euronext Expand Oslo";NOK;0.95;0.962;0.912;0.958;"03/12/20 16:03";CET;709777;659977.594
"Aasen Sparebank";NO0010672181;AASB;"Euronext Growth Oslo";NOK;131.00;141.00;131.00;141.00;"02/12/20 14:14";CET;78;1011.00
"ABG Sundal Collier";NO0003021909;ABG;"Oslo Børs";NOK;5.75;5.78;5.70;5.77;"03/12/20 16:26";CET;470486;2705030.51
Adevinta;NO0010844038;ADE;"Oslo Børs";NOK;136.50;138.90;135.80;136.40;"03/12/20 16:25";CET;348689;47639849.30
"ADS Crude Carriers";CY0108052115;ADS;"Euronext Growth Oslo";NOK;19.05;19.25;19.05;19.10;"03/12/20 16:25";CET;164253;3145783.75
Aega;NO0010626559;AEGA;"Euronext Expand Oslo";NOK;5.20;5.20;4.20;4.20;"03/12/20 16:29";CET;6878373;31497874.94
"AF Gruppen";NO0003078107;AFG;"Oslo Børs";NOK;170.00;170.00;169.00;169.40;"03/12/20 16:25";CET;17582;2979488.60
Agilyx;NO0010872468;AGLX;"Euronext Growth Oslo";NOK;26.60;27.495;26.60;27.00;"03/12/20 16:11";CET;46501;1245241.20
Airthings;NO0010895568;AIRX;"Euronext Growth Oslo";NOK;12.60;12.698;12.022;12.45;"03/12/20 16:00";CET;74104;923845.926
Akastor;NO0010215684;AKAST;"Oslo Børs";NOK;7.25;7.44;7.13;7.44;"03/12/20 16:25";CET;121439;885910.76
Aker;NO0010234552;AKER;"Oslo Børs";NOK;500.50;503.50;494.00;499.20;"03/12/20 16:25";CET;42955;21401805.50
"Aker BioMarine";NO0010886625;AKBM;"Euronext Growth Oslo";NOK;107.42;109.94;105.96;109.00;"03/12/20 16:26";CET;45273;4850042.24
"Aker BP";NO0010345853;AKRBP;"Oslo Børs";NOK;200.00;200.50;194.30;197.90;"03/12/20 16:25";CET;1165513;230078357.70
"Aker Carbon Captur";NO0010890304;ACC;"Euronext Growth Oslo";NOK;10.48;10.50;9.667;9.98;"03/12/20 16:25";CET;1752165;17557453.636
"Aker Offshore Wind";NO0010890312;AOW;"Euronext Growth Oslo";NOK;6.577;6.577;6.21;6.33;"03/12/20 16:25";CET;2856653;18006264.029
"Aker Solutions";NO0010716582;AKSO;"Oslo Børs";NOK;14.15;14.58;14.00;14.54;"03/12/20 16:25";CET;2518382;35959889.30
"AKVA Group";NO0003097503;AKVA;"Oslo Børs";NOK;83.00;83.60;83.00;83.60;"03/12/20 16:02";CET;7249;605209.00
"American Shipping";NO0010272065;AMSC;"Oslo Børs";NOK;27.90;28.05;27.65;27.95;"03/12/20 16:25";CET;15110;421271.30
"Andfjord Salmon";NO0010829765;ANDF;"Euronext Growth Oslo";NOK;42.50;42.995;42.10;42.605;"03/12/20 16:25";CET;64545;2749952.10
"Aqua Bio Techno";NO0010307135;ABT;"Euronext Expand Oslo";NOK;6.10;6.10;5.50;5.60;"03/12/20 16:05";CET;64720;365823.85
AqualisBraemar;NO0010715394;AQUA;"Oslo Børs";NOK;9.25;9.50;9.10;9.30;"03/12/20 16:26";CET;329759;3085610.90
Archer;BMG0451H1170;ARCH;"Oslo Børs";NOK;3.025;3.07;2.91;2.95;"03/12/20 16:25";CET;376610;1125280.02
"ArcticZymes Techno";NO0010014632;AZT;"Oslo Børs";NOK;65.40;69.80;63.80;69.40;"03/12/20 16:28";CET;363640;24369359.00
Arcus;NO0010776875;ARCUS;"Oslo Børs";NOK;43.80;44.30;43.70;44.00;"03/12/20 16:13";CET;13993;613358.20
"Arendals Fossekomp";NO0003572802;AFK;"Oslo Børs";NOK;180.00;180.00;177.00;180.00;"03/12/20 16:07";CET;2023;361235.00
"Arribatec Solution";NO0003108102;ARR;"Oslo Børs";NOK;2.41;2.49;2.25;2.38;"03/12/20 16:25";CET;3419221;8208102.57
Asetek;DK0060477263;ASTK;"Oslo Børs";NOK;95.00;96.50;93.00;95.40;"03/12/20 16:25";CET;33924;3222725.30
Atea;NO0004822503;ATEA;"Oslo Børs";NOK;117.20;117.20;113.00;113.80;"03/12/20 16:25";CET;41260;4711522.40
"Atlantic Petroleum";FO000A0DN9X4;ATLA;"Oslo Børs";NOK;7.26;7.26;7.14;7.14;"03/12/20 15:40";CET;9169;65466.78
"Atlantic Sapphire";NO0010768500;ASA;"Oslo Børs";NOK;103.50;103.50;100.50;101.00;"03/12/20 16:25";CET;329031;33258827.00
"Aurskog Sparebank";NO0006001601;AURG;"Oslo Børs";NOK;202.00;202.00;202.00;202.00;"02/12/20 09:42";CET;359;6777.17
"Austevoll Seafood";NO0010073489;AUSS;"Oslo Børs";NOK;83.00;83.20;82.20;82.80;"03/12/20 16:25";CET;140935;11651523.85
"Avance Gas Holding";BMG067231032;AGAS;"Oslo Børs";NOK;37.40;38.72;37.40;38.60;"03/12/20 16:25";CET;758282;29017414.98
"Awilco Drilling";GB00B5LJSC86;AWDR;"Oslo Børs";NOK;3.26;3.55;3.26;3.40;"03/12/20 15:18";CET;24073;82963.31
"Awilco LNG";NO0010607971;ALNG;"Euronext Expand Oslo";NOK;1.03;1.055;1.02;1.04;"03/12/20 16:25";CET;112044;116325.635
Axactor;NO0010840515;AXA;"Oslo Børs";NOK;9.15;9.26;8.90;8.95;"03/12/20 16:25";CET;1208444;10920512.17
"Axxis Geo Solution";NO0010778095;AXXIS;"Euronext Expand Oslo";NOK;0.52;0.534;0.50;0.522;"03/12/20 16:13";CET;1005531;517015.46
"ayfie Group";NO0010793243;AYFIE;"Euronext Growth Oslo";NOK;1.75;1.78;1.75;1.78;"03/12/20 16:12";CET;38919;68908.25
B2Holding;NO0010633951;B2H;"Oslo Børs";NOK;6.73;6.78;6.58;6.63;"03/12/20 16:25";CET;1027572;6843453.49
Bakkafrost;FO0000000179;BAKKA;"Oslo Børs";NOK;562.00;566.50;555.00;560.00;"03/12/20 16:25";CET;115226;64496215.00
"Baltic Sea Prop";NO0010810476;BALT;"Euronext Growth Oslo";NOK;50.00;50.00;50.00;50.00;"25/11/20 00:00";CET;30;1500.00
Belships;NO0003094104;BELCO;"Oslo Børs";NOK;5.85;5.85;5.85;5.85;"03/12/20 15:37";CET;3000;17550.00
BerGenBio;NO0010650013;BGBIO;"Oslo Børs";NOK;32.15;32.30;31.25;32.05;"03/12/20 16:25";CET;272447;8644319.75
BEWi;NO0010890965;BEWI;"Euronext Growth Oslo";NOK;21.10;21.10;20.80;20.80;"03/12/20 16:25";CET;31793;666582.50
"Black Sea Property";NO0010755101;BSP;"Euronext Growth Oslo";NOK;2.02;2.60;1.97;2.60;"03/12/20 15:13";CET;4225;9931.20
Bonheur;NO0003110603;BONHR;"Oslo Børs";NOK;235.00;235.00;230.00;232.00;"03/12/20 16:25";CET;14931;3458318.50
Borgestad;NO0003111700;BOR;"Oslo Børs";NOK;16.10;16.10;15.80;15.80;"03/12/20 13:41";CET;180;2874.00
"Borr Drilling";BMG1466R2078;BORR;"Oslo Børs";NOK;6.55;7.50;6.55;7.365;"03/12/20 16:25";CET;2515779;17631445.675
Borregaard;NO0010657505;BRG;"Oslo Børs";NOK;133.80;133.80;132.40;132.80;"03/12/20 16:25";CET;51582;6859029.80
Bouvet;NO0010360266;BOUV;"Oslo Børs";NOK;660.00;670.00;660.00;670.00;"03/12/20 16:25";CET;2294;1527284.00
BRAbank;NO0010167331;BRA;"Euronext Growth Oslo";NOK;7.00;7.469;6.90;7.469;"03/12/20 13:55";CET;3731;26197.728
"BW Energy Limited";BMG0702P1086;BWE;"Oslo Børs";NOK;21.50;22.12;20.58;21.90;"03/12/20 16:25";CET;236181;5049350.08
"BW LPG";BMG173841013;BWLPG;"Oslo Børs";NOK;54.50;55.75;54.10;55.00;"03/12/20 16:25";CET;497474;27348930.70
"BW Offshore Ltd";BMG1738J1247;BWO;"Oslo Børs";NOK;34.34;34.76;33.56;33.72;"03/12/20 16:25";CET;482629;16447937.64
Byggma;NO0003087603;BMA;"Oslo Børs";NOK;133.00;134.00;133.00;133.00;"03/12/20 12:58";CET;520;69483.00
Cadeler;DK0061412772;CADLR;"Oslo Børs";NOK;23.94;23.94;23.50;23.50;"03/12/20 16:25";CET;1895088;44540786.945
Carasent;NO0010123060;CARA;"Oslo Børs";NOK;27.60;28.70;27.60;28.50;"03/12/20 16:09";CET;69723;1964763.60
"Cloudberry Clean";NO0010876642;CLOUD;"Euronext Growth Oslo";NOK;12.248;12.29;11.60;12.29;"03/12/20 16:25";CET;33787;402699.40
ContextVision;SE0014731154;CONTX;"Oslo Børs";NOK;20.50;20.95;20.27;20.30;"03/12/20 16:19";CET;141380;2904634.295
"Crayon Group Hold";NO0010808892;CRAYN;"Oslo Børs";NOK;110.00;112.00;108.20;112.00;"03/12/20 16:25";CET;62823;6954310.40
"CSAM Health Group";NO0010894512;CSAM;"Euronext Growth Oslo";NOK;94.25;94.25;88.00;90.00;"03/12/20 16:26";CET;45892;4199773.13
DNB;NO0010031479;DNB;"Oslo Børs";NOK;162.35;162.35;160.65;161.20;"03/12/20 16:26";CET;1418645;228757143.10
DNO;NO0003921009;DNO;"Oslo Børs";NOK;6.16;6.23;6.00;6.128;"03/12/20 16:25";CET;3229211;19756352.324
DOF;NO0010070063;DOF;"Oslo Børs";NOK;0.4405;0.479;0.428;0.435;"03/12/20 16:25";CET;2877508;1274110.617
"EAM Solar";NO0010607781;EAM;"Euronext Expand Oslo";NOK;13.60;13.90;13.25;13.45;"03/12/20 15:27";CET;10101;137220.40
"Eidesvik Offshore";NO0010263023;EIOF;"Oslo Børs";NOK;3.08;3.30;2.90;3.10;"03/12/20 16:28";CET;1666781;5119063.20
"Electromagnet Geo";NO0010358484;EMGS;"Oslo Børs";NOK;1.264;1.38;1.264;1.338;"03/12/20 16:28";CET;2446246;3239474.096
Element;NO0003055808;ELE;"Oslo Børs";NOK;4.355;4.79;4.32;4.70;"03/12/20 16:25";CET;512564;2340598.31
Elkem;NO0010816093;ELK;"Oslo Børs";NOK;28.80;29.24;28.40;28.90;"03/12/20 16:29";CET;572070;16507312.46
"Elliptic Laborator";NO0010722283;ELABS;"Euronext Growth Oslo";NOK;119.00;121.00;118.50;120.48;"03/12/20 15:49";CET;28014;3359870.62
ELOP;NO0010864036;ELOP;"Euronext Growth Oslo";NOK;8.45;8.50;8.10;8.50;"03/12/20 16:25";CET;93892;777875.033
Endúr;NO0010379779;ENDUR;"Oslo Børs";NOK;1.125;1.185;1.125;1.175;"03/12/20 16:29";CET;3284619;3800154.30
Entra;NO0010716418;ENTRA;"Oslo Børs";NOK;178.30;179.30;178.00;178.00;"03/12/20 16:25";CET;804476;143584200.00
"Epic Gas";VGG3175Q1081;EPIC;"Euronext Growth Oslo";NOK;14.30;15.10;14.30;14.40;"02/12/20 14:02";CET;34;46.71
Equinor;NO0010096985;EQNR;"Oslo Børs";NOK;143.15;143.55;140.80;141.80;"03/12/20 16:25";CET;3263769;463212348.45
Europris;NO0010735343;EPR;"Oslo Børs";NOK;49.10;49.44;48.76;48.88;"03/12/20 16:25";CET;425352;20847609.80
Everfuel;DK0061414711;EFUEL;"Euronext Growth Oslo";NOK;70.00;74.00;64.06;65.20;"03/12/20 16:28";CET;482957;33029259.74
"EXACT Therapeutics";NO0010852213;EXTX;"Euronext Growth Oslo";NOK;26.00;27.50;26.00;27.00;"03/12/20 15:11";CET;3634;97667.00
Fjord1;NO0010792625;FJORD;"Oslo Børs";NOK;43.50;43.90;42.80;43.80;"03/12/20 16:25";CET;11493;497041.70
"Fjordkraft Holding";NO0010815673;FKRFT;"Oslo Børs";NOK;82.20;82.30;81.10;81.80;"03/12/20 16:25";CET;277039;22655285.20
"FLEX LNG";BMG359472021;FLNG;"Oslo Børs";NOK;68.30;69.75;68.10;68.30;"03/12/20 16:25";CET;99059;6811085.85
Frontline;BMG3682E1921;FRO;"Oslo Børs";NOK;54.25;55.30;53.40;54.35;"03/12/20 16:25";CET;901833;49249836.85
"Gaming Innovation";US36467X2062;GIG;"Oslo Børs";NOK;11.50;11.56;11.02;11.56;"03/12/20 16:25";CET;79983;902135.62
"GC Rieber Shipping";NO0010262686;RISH;"Oslo Børs";NOK;6.75;6.75;6.50;6.65;"03/12/20 12:51";CET;12185;80568.05
"Gentian Diagnostic";NO0010748866;GENT;"Euronext Growth Oslo";NOK;63.00;63.00;60.50;61.50;"03/12/20 16:25";CET;6148;376041.50
"Gjensidige Forsikr";NO0010582521;GJF;"Oslo Børs";NOK;194.30;194.60;191.20;192.10;"03/12/20 16:25";CET;377965;72663662.80
"Golden Energy Off";NO0010813843;GEOS;"Euronext Growth Oslo";NOK;0.805;0.93;0.805;0.875;"03/12/20 16:02";CET;24147;21750.385
"Golden Ocean Group";BMG396372051;GOGL;"Oslo Børs";NOK;36.44;37.10;36.34;36.60;"03/12/20 16:25";CET;441871;16192486.42
Goodtech;NO0004913609;GOD;"Oslo Børs";NOK;11.30;12.10;11.30;11.50;"03/12/20 16:25";CET;657251;7618153.60
"Grieg Seafood";NO0010365521;GSF;"Oslo Børs";NOK;78.95;79.00;76.15;76.60;"03/12/20 16:25";CET;479829;36879837.7658
"Grong Sparebank";NO0010636491;GRONG;"Euronext Growth Oslo";NOK;119.00;119.00;119.00;119.00;"03/12/20 14:44";CET;109;12971.00
Gyldendal;NO0004288200;GYL;"Oslo Børs";NOK;456.00;472.00;456.00;472.00;"03/12/20 15:52";CET;106;49206.00
"Hafnia Limited";BMG4233B1090;HAFNI;"Oslo Børs";NOK;14.78;14.78;14.16;14.16;"03/12/20 16:25";CET;107316;1548396.74
"Havila Shipping";NO0010257728;HAVI;"Oslo Børs";NOK;2.69;2.79;2.55;2.65;"03/12/20 16:16";CET;80087;215616.22
"Havyard Group";NO0010708605;HYARD;"Oslo Børs";NOK;10.05;10.25;9.34;9.70;"03/12/20 16:25";CET;341205;3321331.44
"Helgeland Sparebk";NO0010029804;HELG;"Oslo Børs";NOK;87.00;87.00;86.00;86.50;"03/12/20 14:53";CET;2626;227147.50
"Hexagon Composites";NO0003067902;HEX;"Oslo Børs";NOK;59.45;59.50;56.35;56.35;"03/12/20 16:25";CET;889475;51493541.35
"Höegh LNG Holding";BMG454221059;HLNG;"Oslo Børs";NOK;13.60;13.94;13.58;13.90;"03/12/20 16:25";CET;19339;266821.00
"Hofseth BioCare";NO0010598683;HBC;"Euronext Expand Oslo";NOK;9.00;9.48;9.00;9.20;"03/12/20 16:19";CET;74476;683991.72
"House of Control";NO0010781818;HOC;"Euronext Growth Oslo";NOK;18.50;19.00;18.002;19.00;"03/12/20 15:11";CET;8814;164300.50
"Huddlestock Fintec";NO0010859648;HUDL;"Euronext Growth Oslo";NOK;2.25;2.25;2.01;2.1995;"03/12/20 16:00";CET;65255;140881.4825
"Hunter Group";NO0010283211;HUNT;"Euronext Expand Oslo";NOK;3.44;3.47;3.425;3.44;"03/12/20 16:25";CET;787586;2720983.83
HydrogenPro;NO0010892359;HYPRO;"Euronext Growth Oslo";NOK;41.00;42.895;38.60;39.50;"03/12/20 16:25";CET;139554;5640212.845
"Høland og Setskog";NO0010012636;HSPG;"Oslo Børs";NOK;120.00;120.00;120.00;120.00;"03/12/20 11:52";CET;343;41160.00
"Ice Fish Farm";NO0010884794;IFISH;"Euronext Growth Oslo";NOK;44.51;45.00;44.005;44.80;"03/12/20 16:17";CET;12378;552171.41
"Ice Group";NO0010734742;ICEGR;"Euronext Expand Oslo";NOK;16.85;16.95;16.75;16.90;"03/12/20 16:25";CET;14714;247721.85
"Icelandic Salmon";NO0010724701;ISLAX;"Euronext Growth Oslo";NOK;106.00;110.00;106.00;110.00;"03/12/20 15:36";CET;16297;1792578.00
"IDEX Biometrics";NO0003070609;IDEX;"Oslo Børs";NOK;2.50;2.79;2.475;2.67;"03/12/20 16:29";CET;35419933;93659305.285
Induct;NO0010536048;INDCT;"Euronext Growth Oslo";NOK;9.20;9.20;9.20;9.20;"03/12/20 15:58";CET;4440;40848.00
Infront;NO0010789506;INFRO;"Oslo Børs";NOK;26.00;26.30;26.00;26.30;"03/12/20 16:18";CET;4951;129686.30
"Insr Insurance Gp";NO0010593544;INSR;"Oslo Børs";NOK;0.67;0.682;0.65;0.66;"03/12/20 16:17";CET;627318;414606.646
Instabank;NO0010762792;INSTA;"Euronext Growth Oslo";NOK;1.45;1.45;1.35;1.40;"03/12/20 14:25";CET;23649;32317.526
"Interoil Expl Prod";NO0010284318;IOX;"Oslo Børs";NOK;1.15;1.25;1.148;1.208;"03/12/20 16:25";CET;761806;908523.036
Itera;NO0010001118;ITERA;"Oslo Børs";NOK;14.20;14.20;13.90;14.15;"03/12/20 16:19";CET;15590;219421.30
"Jinhui Shipp Trans";BMG5137R1088;JIN;"Oslo Børs";NOK;3.55;3.69;3.45;3.64;"03/12/20 16:11";CET;103419;368213.81
"JP Kenny Petroleum";GB00BF2PG875;JPK;"Euronext Growth Oslo";NOK;4.26;5.00;4.26;5.00;"30/11/20 15:08";CET;759;324.31
"Jæren Sparebank";NO0010359433;JAREN;"Oslo Børs";NOK;158.00;159.00;158.00;159.00;"03/12/20 15:51";CET;300;47445.00
Kahoot!;NO0010823131;KAHOT;"Euronext Growth Oslo";NOK;62.70;66.70;62.50;65.50;"03/12/20 16:26";CET;1759286;114386009.70
Kalera;NO0010874597;KAL;"Euronext Growth Oslo";NOK;23.65;24.81;22.85;23.40;"03/12/20 16:25";CET;163558;3840825.385
Kid;NO0010743545;KID;"Oslo Børs";NOK;92.80;95.40;92.80;93.20;"03/12/20 16:25";CET;80086;7534046.20
Kitron;NO0003079709;KIT;"Oslo Børs";NOK;17.68;17.90;17.48;17.70;"03/12/20 16:25";CET;251076;4421388.96
"Klaveness Combinat";NO0010833262;KCC;"Euronext Expand Oslo";NOK;36.00;36.00;35.50;35.50;"03/12/20 14:35";CET;405;14517.50
"Komplett Bank";NO0010694029;KOMP;"Oslo Børs";NOK;9.10;9.18;8.95;9.17;"03/12/20 16:25";CET;200153;1819786.34
"Kongsberg Automot";NO0003033102;KOA;"Oslo Børs";NOK;0.32;0.3275;0.30;0.3215;"03/12/20 16:25";CET;286278810;91775889.186
"Kongsberg Gruppen";NO0003043309;KOG;"Oslo Børs";NOK;168.20;172.00;168.20;171.00;"03/12/20 16:27";CET;110763;18909464.40
"Lerøy Seafood Gp";NO0003096208;LSG;"Oslo Børs";NOK;56.82;57.08;56.04;56.82;"03/12/20 16:25";CET;1174424;66444600.64
Lifecare;NO0010591191;LIFE;"Euronext Growth Oslo";NOK;4.20;4.20;4.04;4.20;"03/12/20 16:18";CET;408443;1678864.32
"Lillestrøm Spareb";NO0010808405;LSTSB;"Euronext Growth Oslo";NOK;128.00;128.00;128.00;128.00;"01/12/20 15:20";CET;100;1207.23
"Link Mobility Grp";NO0010894231;LINK;"Oslo Børs";NOK;48.47;49.00;45.985;45.985;"03/12/20 16:26";CET;213506;10119680.575
Magnora;NO0010187032;MGN;"Oslo Børs";NOK;24.80;24.80;23.70;24.60;"03/12/20 16:25";CET;58224;1408230.60
"Magseis Fairfield";NO0010663669;MSEIS;"Oslo Børs";NOK;2.63;2.675;2.51;2.63;"03/12/20 16:25";CET;1564138;4057056.245
Medistim;NO0010159684;MEDI;"Oslo Børs";NOK;218.00;222.00;218.00;220.00;"03/12/20 16:15";CET;1078;237092.00
"Melhus Sparebank";NO0006001908;MELG;"Oslo Børs";NOK;143.00;143.00;143.00;143.00;"03/12/20 15:21";CET;96;13728.00
MELTWATER;NL00150003D3;MWTR;"Euronext Growth Oslo";NOK;45.00;46.68;43.50;43.50;"03/12/20 16:28";CET;90655721;3952103282.0975
"Mercell Holding";NO0010307143;MRCEL;"Euronext Growth Oslo";NOK;10.00;10.00;9.501;9.748;"03/12/20 16:25";CET;580910;5725843.165
"Mintra Holding";NO0010895022;MNTR;"Euronext Growth Oslo";NOK;7.098;7.098;6.503;6.503;"03/12/20 15:18";CET;11904;78497.828
Mowi;NO0003054108;MOWI;"Oslo Børs";NOK;179.20;180.30;176.50;178.50;"03/12/20 16:27";CET;1114743;198631781.50
"MPC Container Ship";NO0010791353;MPCC;"Oslo Børs";NOK;5.00;5.06;4.87;4.95;"03/12/20 16:25";CET;1378803;6823792.32
Multiconsult;NO0010734338;MULTI;"Oslo Børs";NOK;133.00;133.00;126.00;126.00;"03/12/20 16:25";CET;7587;967258.00
Napatech;DK0060520450;NAPA;"Oslo Børs";NOK;12.90;12.90;12.36;12.50;"03/12/20 16:25";CET;39870;503523.52
NattoPharma;NO0010289200;NATTO;"Euronext Expand Oslo";NOK;18.10;18.10;17.90;17.90;"03/12/20 16:19";CET;1210;21662.00
Navamedic;NO0010205966;NAVA;"Oslo Børs";NOK;18.50;19.20;18.20;18.65;"03/12/20 16:19";CET;4422;82325.20
Nekkar;NO0003049405;NKR;"Oslo Børs";NOK;5.92;5.96;5.52;5.80;"03/12/20 16:25";CET;157768;905041.54
NEL;NO0010081235;NEL;"Oslo Børs";NOK;23.27;23.70;22.25;22.50;"03/12/20 16:29";CET;13804085;313387602.42
"NEXT Biometrics Gp";NO0010629108;NEXT;"Oslo Børs";NOK;2.35;2.75;2.335;2.70;"03/12/20 16:25";CET;2227930;5795054.28
"Nidaros Sparebank";NO0010733082;NISB;"Euronext Growth Oslo";NOK;95.00;95.00;95.00;95.00;"03/12/20 15:21";CET;300;28500.00
NORBIT;NO0010856511;NORBT;"Oslo Børs";NOK;18.00;18.00;18.00;18.00;"03/12/20 14:13";CET;5973;107514.00
Norcod;NO0010892912;NCOD;"Euronext Growth Oslo";NOK;71.00;72.00;70.50;72.00;"03/12/20 16:19";CET;5974;424299.60
"NORDIC AQUA PART";DK0061414638;NOAP;"Euronext Growth Oslo";NOK;90.00;92.00;86.50;87.99;"03/12/20 16:29";CET;120565;10700709.06
"Nordic Mining";NO0010317340;NOM;"Euronext Expand Oslo";NOK;2.20;2.20;2.07;2.14;"03/12/20 16:15";CET;561994;1186317.03
"Nordic Nanovector";NO0010597883;NANOV;"Oslo Børs";NOK;14.60;14.60;14.21;14.35;"03/12/20 16:25";CET;216290;3109953.56
"Nordic Semiconduc";NO0003055501;NOD;"Oslo Børs";NOK;123.70;129.00;123.70;128.00;"03/12/20 16:28";CET;537884;87734728.30
"Norsk Hydro";NO0005052605;NHY;"Oslo Børs";NOK;38.13;38.55;37.96;38.17;"03/12/20 16:25";CET;7482681;286087860.75
"Norske Skog";NO0010861115;NSKOG;"Oslo Børs";NOK;28.80;28.80;28.30;28.70;"03/12/20 16:25";CET;140291;4002730.65
Nortel;NO0010900087;NTEL;"Euronext Growth Oslo";NOK;21.40;21.40;21.20;21.20;"03/12/20 13:30";CET;419;8894.20
"North Energy";NO0010550056;NORTH;"Euronext Expand Oslo";NOK;2.17;2.25;2.15;2.25;"03/12/20 15:50";CET;502592;1108641.40
"Northern Drilling";BMG6624L1090;NODL;"Oslo Børs";NOK;5.50;5.99;5.50;5.76;"03/12/20 16:25";CET;30030;169917.49
"Northern Ocean Ltd";BMG6682J1036;NOL;"Oslo Børs";NOK;8.95;9.06;8.10;8.45;"03/12/20 16:28";CET;2095908;18260070.26
"Norway RoyalSalmon";NO0010331838;NRS;"Oslo Børs";NOK;212.60;212.60;208.40;208.60;"03/12/20 16:25";CET;12207;2557586.20
"Norwegian Air Shut";NO0010196140;NAS;"Oslo Børs";NOK;0.345;0.42;0.3301;0.3601;"03/12/20 16:29";CET;421742976;159164811.8709
"Norwegian Energy";NO0010379266;NOR;"Oslo Børs";NOK;138.00;143.00;135.00;135.00;"03/12/20 16:25";CET;26174;3595593.50
"Norwegian Finans";NO0010387004;NOFI;"Oslo Børs";NOK;69.95;70.25;69.20;69.65;"03/12/20 16:25";CET;317183;22122501.30
"Norwegian Property";NO0010317811;NPRO;"Oslo Børs";NOK;12.60;12.60;12.35;12.40;"03/12/20 16:25";CET;77725;970538.10
"NRC Group";NO0003679102;NRC;"Oslo Børs";NOK;25.60;25.80;24.80;25.00;"03/12/20 16:25";CET;97769;2469584.70
NTS;NO0004895103;NTS;"Oslo Børs";NOK;84.00;84.00;81.00;84.00;"03/12/20 16:18";CET;449;37656.00
"Observe Medical";NO0010865009;OBSRV;"Euronext Expand Oslo";NOK;12.50;12.50;11.75;11.80;"03/12/20 16:16";CET;43401;513426.25
"Ocean Sun";NO0010887565;OSUN;"Euronext Growth Oslo";NOK;41.60;42.00;39.50;40.80;"03/12/20 16:25";CET;19318;793122.12
"Ocean Yield";NO0010657448;OCY;"Oslo Børs";NOK;25.90;26.05;25.65;25.75;"03/12/20 16:25";CET;116584;3011594.30
Oceanteam;NO0010317316;OTS;"Oslo Børs";NOK;5.90;5.90;5.32;5.40;"03/12/20 16:25";CET;1170603;6452825.08
"Odfjell Drilling";BMG671801022;ODL;"Oslo Børs";NOK;15.40;15.60;14.90;15.60;"03/12/20 16:25";CET;1204698;18386629.22
"Odfjell ser. A";NO0003399909;ODF;"Oslo Børs";NOK;24.70;24.70;24.00;24.50;"03/12/20 16:25";CET;31996;782936.20
"Odfjell ser. B";NO0003399917;ODFB;"Oslo Børs";NOK;23.80;23.80;23.80;23.80;"02/12/20 15:45";CET;250;556.06
OHT;NO0010893803;OHT;"Euronext Growth Oslo";NOK;18.49;18.49;17.50;18.348;"03/12/20 16:25";CET;10166;182365.862
OKEA;NO0010816895;OKEA;"Oslo Børs";NOK;9.10;9.26;8.88;9.06;"03/12/20 16:25";CET;15699;141637.86
"Okeanis Eco Tanker";MHY641771016;OET;"Euronext Expand Oslo";NOK;54.20;54.80;53.80;54.00;"03/12/20 16:29";CET;42556;2303935.00
"Olav Thon Eiendoms";NO0005638858;OLT;"Oslo Børs";NOK;160.00;162.50;156.00;162.50;"03/12/20 16:25";CET;101457;16285054.50
Orkla;NO0003733800;ORK;"Oslo Børs";NOK;86.44;86.60;85.26;85.52;"03/12/20 16:25";CET;1595458;136643729.78
"Otello Corporation";NO0010040611;OTEC;"Oslo Børs";NOK;20.80;21.60;20.50;21.20;"03/12/20 16:27";CET;207146;4372194.90
"Panoro Energy";NO0010564701;PEN;"Oslo Børs";NOK;14.00;14.28;13.74;13.82;"03/12/20 16:25";CET;136067;1899983.56
"Pareto Bank";NO0010397581;PARB;"Oslo Børs";NOK;40.30;40.90;40.30;40.60;"03/12/20 16:25";CET;27388;1110213.90
"PatientSky Group";NO0010895667;PSKY;"Euronext Growth Oslo";NOK;14.802;15.688;14.00;15.60;"03/12/20 16:19";CET;62612;964472.998
"PCI Biotech Hold";NO0010405640;PCIB;"Oslo Børs";NOK;26.00;26.50;25.70;26.50;"03/12/20 16:25";CET;171775;4473897.10
Petrolia;CY0102630916;PSE;"Oslo Børs";NOK;6.45;6.70;6.45;6.70;"03/12/20 16:26";CET;27573;183274.80
"PetroNor E&P Ltd";AU0000057408;PNOR;"Euronext Expand Oslo";NOK;1.33;1.35;1.302;1.348;"03/12/20 16:25";CET;322986;428079.348
"Pexip Holding";NO0010840507;PEXIP;"Oslo Børs";NOK;60.55;62.19;60.55;61.01;"03/12/20 16:25";CET;180157;11041201.61
PGS;NO0010199151;PGS;"Oslo Børs";NOK;4.28;4.33;4.20;4.328;"03/12/20 16:25";CET;2302658;9817075.582
"Philly Shipyard";NO0010395577;PHLY;"Euronext Expand Oslo";NOK;60.00;61.00;58.80;60.00;"03/12/20 15:48";CET;8020;480337.20
Photocure;NO0010000045;PHO;"Oslo Børs";NOK;78.80;79.90;77.70;79.30;"03/12/20 16:25";CET;138963;10961738.90
"Pioneer Property";NO0010735681;PPG;"Euronext Expand Oslo";NOK;102.00;102.00;101.00;101.00;"03/12/20 16:16";CET;211;21452.00
"Play Magnus";NO0010890726;PMG;"Euronext Growth Oslo";NOK;21.995;21.995;20.00;20.40;"03/12/20 16:28";CET;74536;1529726.38
Polarcus;KYG7153K1085;PLCS;"Oslo Børs";NOK;0.40;0.4605;0.40;0.43;"03/12/20 16:25";CET;14160247;6122508.52
"Polaris Media";NO0010466022;POL;"Oslo Børs";NOK;59.00;59.00;56.50;57.00;"03/12/20 16:19";CET;1602;92940.00
poLight;NO0010341712;PLT;"Oslo Børs";NOK;67.80;69.00;67.00;68.00;"03/12/20 16:05";CET;32936;2244359.70
Prosafe;NO0010861990;PRS;"Oslo Børs";NOK;0.97;1.036;0.93;0.97;"03/12/20 15:57";CET;270360;263910.628
"Protector Forsikrg";NO0010209331;PROT;"Oslo Børs";NOK;51.00;51.70;50.50;51.30;"03/12/20 16:25";CET;38668;1968534.60
Q-Free;NO0003103103;QFR;"Oslo Børs";NOK;4.88;5.00;4.70;5.00;"03/12/20 16:25";CET;176833;858435.80
Quantafuel;NO0010785967;QFUEL;"Euronext Growth Oslo";NOK;48.00;49.00;46.10;46.60;"03/12/20 16:25";CET;422715;19983080.50
"Questerre Energy";CA74836K1003;QEC;"Oslo Børs";NOK;0.86;1.07;0.86;0.98;"03/12/20 16:28";CET;4626221;4410410.223
"RAK Petroleum";GB00BRGBL804;RAKP;"Oslo Børs";NOK;6.14;6.38;5.90;6.38;"03/12/20 16:25";CET;42652;260314.04
"Reach Subsea";NO0003117202;REACH;"Oslo Børs";NOK;2.14;2.14;2.04;2.08;"03/12/20 16:18";CET;198059;413971.42
"REC Silicon";NO0010112675;RECSI;"Oslo Børs";NOK;10.12;10.47;10.12;10.24;"03/12/20 16:25";CET;1916117;19667400.87
"River Tech";MT0001710103;RIVER;"Euronext Growth Oslo";NOK;18.90;18.90;18.90;18.90;"01/12/20 09:00";CET;35;62.39
RomReal;BMG763301022;ROM;"Euronext Expand Oslo";NOK;1.87;1.87;1.87;1.87;"02/12/20 14:32";CET;5000;873.81
"Romsdal Sparebank";NO0010759988;ROMSB;"Euronext Growth Oslo";NOK;114.90;114.90;114.90;114.90;"03/12/20 14:03";CET;55;6319.50
"Saga Pure";NO0010572589;SAGA;"Euronext Expand Oslo";NOK;1.65;1.67;1.62;1.64;"03/12/20 16:25";CET;2964445;4892216.22
SalMar;NO0010310956;SALM;"Oslo Børs";NOK;482.00;484.60;477.00;483.50;"03/12/20 16:25";CET;190166;91554270.90
"Salmon Evolution";NO0010892094;SALME;"Euronext Growth Oslo";NOK;5.60;5.70;5.58;5.65;"03/12/20 16:25";CET;169004;952462.905
"Salmones Camanch";CL0002409135;SACAM;"Oslo Børs";NOK;54.00;54.00;51.20;51.20;"03/12/20 15:45";CET;20;1052.00
"Sandnes Sparebank";NO0006001007;SADG;"Oslo Børs";NOK;75.40;75.40;74.60;75.00;"03/12/20 16:25";CET;22022;1652449.80
"SAS AB";SE0003366871;SASNO;"Oslo Børs";NOK;1.50;1.76;1.443;1.755;"03/12/20 16:27";CET;67541249;111291105.844
SATS;NO0010863285;SATS;"Oslo Børs";NOK;20.60;20.85;20.40;20.65;"03/12/20 16:25";CET;75478;1555626.70
Sbanken;NO0010739402;SBANK;"Oslo Børs";NOK;70.00;71.70;69.80;70.30;"03/12/20 16:25";CET;169922;11986593.00
Scana;NO0003053308;SCANA;"Oslo Børs";NOK;2.38;2.44;2.38;2.42;"03/12/20 16:25";CET;371000;894077.60
Scatec;NO0010715139;SSO;"Oslo Børs";NOK;275.20;276.40;272.80;275.40;"03/12/20 16:25";CET;269429;74077216.00
"Schibsted ser. A";NO0003028904;SCHA;"Oslo Børs";NOK;354.50;364.20;350.40;355.40;"03/12/20 16:27";CET;282081;100375355.40
"Schibsted ser. B";NO0010736879;SCHB;"Oslo Børs";NOK;317.20;327.40;314.20;317.80;"03/12/20 16:25";CET;158185;50485930.60
"SD Stand Drilling";CY0101550917;SDSD;"Oslo Børs";NOK;0.896;0.896;0.87;0.89;"03/12/20 16:25";CET;419034;369543.454
"SeaBird Explorat";CY0101162119;SBX;"Oslo Børs";NOK;5.98;6.29;5.71;5.94;"03/12/20 16:26";CET;349735;2088152.94
Seadrill;BMG7998G1069;SDRL;"Oslo Børs";NOK;2.01;2.05;2.00;2.04;"03/12/20 16:25";CET;593406;1195170.864
"Self Storage Group";NO0010781206;SSG;"Oslo Børs";NOK;26.80;26.80;25.60;25.70;"03/12/20 16:25";CET;4706;122803.90
"Selvaag Bolig";NO0010612450;SBO;"Oslo Børs";NOK;51.80;51.90;51.10;51.50;"03/12/20 16:25";CET;21819;1123748.60
"Shelf Drilling";KYG236271055;SHLF;"Oslo Børs";NOK;2.89;2.94;2.72;2.79;"03/12/20 16:26";CET;654663;1856918.43
"Siem Offshore";KYG813131011;SIOFF;"Oslo Børs";NOK;0.76;0.79;0.70;0.785;"03/12/20 14:13";CET;102515;75852.94
"Sikri Holding";NO0010881717;SIKRI;"Euronext Growth Oslo";NOK;93.00;93.00;90.01;91.80;"03/12/20 15:50";CET;2487;228208.35
"Skue Sparebank";NO0006001809;SKUE;"Oslo Børs";NOK;168.00;170.00;167.00;167.00;"03/12/20 14:52";CET;3789;637418.00
"SoftOx Solutions";NO0010811961;SOFTX;"Euronext Growth Oslo";NOK;66.00;68.00;65.50;67.00;"03/12/20 15:51";CET;12083;798080.00
"Sogn Sparebank";NO0006000603;SOGN;"Oslo Børs";NOK;100.00;100.00;100.00;100.00;"01/12/20 12:28";CET;100;943.16
"Solon Eiendom";NO0003106700;SOLON;"Oslo Børs";NOK;38.00;38.00;36.80;37.90;"03/12/20 15:31";CET;11010;416293.00
"Solstad Offshore";NO0003080608;SOFF;"Oslo Børs";NOK;5.25;5.55;5.15;5.45;"03/12/20 16:19";CET;559946;2970758.52
"SpareBank 1 BV";NO0006000207;SBVG;"Oslo Børs";NOK;40.50;41.20;40.50;40.80;"03/12/20 16:19";CET;292042;11974808.60
"SpareBank 1 SMN";NO0006390301;MING;"Oslo Børs";NOK;94.90;96.00;94.60;94.70;"03/12/20 16:25";CET;114909;10927751.50
"SpareBank 1 SR-Bk";NO0010631567;SRBNK;"Oslo Børs";NOK;87.10;89.45;87.10;88.90;"03/12/20 16:25";CET;203149;18052480.25
"Sparebanken Møre";NO0006390004;MORG;"Oslo Børs";NOK;295.00;297.00;293.00;294.00;"03/12/20 16:25";CET;6371;1878513.00
"Sparebanken Sør";NO0006001502;SOR;"Oslo Børs";NOK;114.50;115.00;114.00;114.50;"03/12/20 15:40";CET;10540;1205885.00
"Sparebanken Vest";NO0006000900;SVEG;"Oslo Børs";NOK;67.20;68.70;67.20;68.40;"03/12/20 16:25";CET;343484;23471484.30
"Sparebanken Øst";NO0006222009;SPOG;"Oslo Børs";NOK;49.00;49.30;48.70;49.00;"03/12/20 16:19";CET;10435;510163.70
"Sparebken Telemark";NO0010664782;SBTE;"Oslo Børs";NOK;136.00;140.00;135.00;135.00;"03/12/20 13:49";CET;2768;375962.00
"SpBk 1 Nordvest";NO0010691660;SNOR;"Oslo Børs";NOK;112.00;112.00;112.00;112.00;"03/12/20 13:14";CET;81;9072.00
"SpBk 1 Østlandet";NO0010751910;SPOL;"Oslo Børs";NOK;95.50;96.70;95.20;96.00;"03/12/20 16:25";CET;142833;13738753.20
"SpBk1 Nord-Norge";NO0006000801;NONG;"Oslo Børs";NOK;72.80;72.80;71.70;72.40;"03/12/20 16:25";CET;77819;5625189.70
"SpBk1 Ringerike";NO0006390400;RING;"Oslo Børs";NOK;236.00;236.00;236.00;236.00;"03/12/20 13:12";CET;14;3304.00
"SpBk1 Østfold Ake";NO0010285562;SOAG;"Oslo Børs";NOK;260.00;260.00;260.00;260.00;"03/12/20 12:48";CET;2668;693680.00
Stolt-Nielsen;BMG850801025;SNI;"Oslo Børs";NOK;97.70;97.70;95.00;96.30;"03/12/20 16:25";CET;121245;11550868.90
Storebrand;NO0003053605;STB;"Oslo Børs";NOK;63.86;63.86;63.10;63.28;"03/12/20 16:51";CET;940643;59569268.42
"Storm Real Estate";NO0010360175;STORM;"Oslo Børs";NOK;6.85;7.00;6.80;7.00;"03/12/20 16:01";CET;27185;186806.85
StrongPoint;NO0010098247;STRO;"Oslo Børs";NOK;19.35;19.95;19.35;19.40;"03/12/20 16:13";CET;58681;1155033.30
"Subsea 7";LU0075646355;SUBC;"Oslo Børs";NOK;84.70;84.98;83.40;84.46;"03/12/20 16:25";CET;421904;35620753.60
"Sunndal Sparebank";NO0010672900;SUNSB;"Euronext Growth Oslo";NOK;121.00;121.00;121.00;121.00;"01/12/20 14:18";CET;42;479.31
"Surnadal Sparebank";NO0010759780;SUSB;"Euronext Growth Oslo";NOK;110.00;111.00;110.00;111.00;"02/12/20 16:25";CET;545;5607.31
Targovax;NO0010689326;TRVX;"Oslo Børs";NOK;9.15;9.69;9.02;9.50;"03/12/20 16:25";CET;1871493;17568954.63
Techstep;NO0003095309;TECH;"Oslo Børs";NOK;5.00;5.10;4.80;4.88;"03/12/20 16:19";CET;240523;1199562.96
"TECO 2030";NO0010887516;TECO;"Euronext Growth Oslo";NOK;32.00;32.00;31.50;31.995;"03/12/20 14:50";CET;5028;159428.35
Telenor;NO0010063308;TEL;"Oslo Børs";NOK;150.20;151.30;148.95;148.95;"03/12/20 16:25";CET;1104809;165003122.40
"TGS-NOPEC Geophys";NO0003078800;TGS;"Oslo Børs";NOK;128.15;128.15;121.65;123.65;"03/12/20 16:25";CET;203611;25200133.45
"The Kingfish Comp";NL00150001S5;KING;"Euronext Growth Oslo";NOK;30.21;31.00;29.00;29.25;"03/12/20 16:17";CET;28182;839166.245
"Thin Film Electro";NO0010299068;THIN;"Oslo Børs";NOK;0.38;0.3968;0.3672;0.382;"03/12/20 16:26";CET;7855847;3039053.7136
TietoEVRY;FI0009000277;TIETO;"Oslo Børs";NOK;281.60;289.20;277.80;282.20;"03/12/20 16:29";CET;15433;4399194.00
"Tomra Systems";NO0005668905;TOM;"Oslo Børs";NOK;371.00;377.00;370.00;374.20;"03/12/20 16:25";CET;262644;98059256.90
"Totens Sparebank";NO0006001205;TOTG;"Oslo Børs";NOK;139.00;139.00;138.00;138.00;"03/12/20 12:34";CET;599;82695.00
Treasure;NO0010763550;TRE;"Oslo Børs";NOK;17.05;17.35;16.60;16.80;"03/12/20 16:25";CET;31304;529922.00
"Tysnes Sparebank";NO0010731615;TYSB;"Euronext Growth Oslo";NOK;115.00;115.00;115.00;115.00;"01/12/20 11:05";CET;60;650.77
Ultimovacs;NO0010851603;ULTI;"Oslo Børs";NOK;54.60;61.00;53.00;60.00;"03/12/20 16:25";CET;95446;5555633.80
Vaccibody;NO0010714785;VACC;"Euronext Growth Oslo";NOK;62.69;65.00;60.80;65.00;"03/12/20 16:25";CET;422662;29305530.53
Veidekke;NO0005806802;VEI;"Oslo Børs";NOK;133.00;133.00;130.00;131.60;"03/12/20 16:25";CET;142327;18704493.00
"Vistin Pharma";NO0010734122;VISTN;"Oslo Børs";NOK;17.20;17.30;16.90;17.10;"03/12/20 15:27";CET;28658;488300.90
Volue;NO0010894603;VOLUE;"Euronext Growth Oslo";NOK;34.995;35.795;34.10;34.205;"03/12/20 16:25";CET;26069;904939.86
"Voss Veksel ogLand";NO0003025009;VVL;"Oslo Børs";NOK;159.00;159.00;159.00;159.00;"03/12/20 11:37";CET;10;1590.00
Vow;NO0010708068;VOW;"Oslo Børs";NOK;31.80;31.80;30.65;31.80;"03/12/20 16:27";CET;268923;8426758.65
"Wallenius Wilhelms";NO0010571680;WAWI;"Oslo Børs";NOK;21.70;22.75;21.70;22.65;"03/12/20 16:25";CET;193772;4354009.85
Webstep;NO0010609662;WSTEP;"Oslo Børs";NOK;22.00;22.60;22.00;22.20;"03/12/20 14:25";CET;948;20996.00
"Wilh. Wilhelmsen A";NO0010571698;WWI;"Oslo Børs";NOK;158.00;159.00;157.50;157.50;"03/12/20 16:25";CET;4293;678710.00
"Wilh. Wilhelmsen B";NO0010576010;WWIB;"Oslo Børs";NOK;155.50;159.50;155.50;159.50;"03/12/20 15:41";CET;174;27457.00
Wilson;NO0010252356;WILS;"Oslo Børs";NOK;20.60;20.60;20.60;20.60;"03/12/20 12:20";CET;1;20.60
"Xplora Technologie";NO0010895782;XPLRA;"Euronext Growth Oslo";NOK;28.20;29.00;26.005;27.50;"03/12/20 16:26";CET;169580;4757260.04
XXL;NO0010716863;XXL;"Oslo Børs";NOK;19.40;19.72;19.15;19.40;"03/12/20 16:25";CET;838070;16258985.24
"Yara International";NO0010208051;YAR;"Oslo Børs";NOK;358.00;359.90;355.70;358.60;"03/12/20 16:27";CET;501061;179280693.10
Zalaris;NO0010708910;ZAL;"Oslo Børs";NOK;46.00;46.00;44.90;45.80;"03/12/20 14:08";CET;105036;4741752.00
Zaptec;NO0010713936;ZAP;"Euronext Growth Oslo";NOK;25.00;27.855;25.00;27.78;"03/12/20 16:29";CET;459093;12352498.43
"Zenith Energy";CA98936C1068;ZENA;"Euronext Growth Oslo";NOK;0.0388;0.0388;0.0362;0.0386;"03/12/20 16:25";CET;5939343;227393.0178
Zwipe;NO0010721277;ZWIPE;"Euronext Growth Oslo";NOK;18.40;19.20;17.80;18.40;"03/12/20 16:25";CET;82068;1526156.38
